Customer full name,Phone,Fax,Mobile,Email,Billing address,Billing city,Billing state,Billing ZIP code,Billing country,E911 address,E911 city,E911 state,E911 ZIP code,E911 country
"34 BNK Urban at Netcong Urban Renewal LLC Renewal, LLC",(732) 738-1112,,,sue@phillipsam.com,1200 Sunnyview Oval,Keasbey,NJ,8832,,1200 Sunnyview Oval,Keasbey,NJ,8832,
3556 On The Bay - COMELIT,(757) 460-4970,,,shoredr2003@yahoo.com,3556 Shore Dr.,Virginia Beach,VA,23455,,3556 Shore Dr.,Virginia Beach,VA,23455,
3D Technologies,(817) 385-7034,,,billing@3dtechnologiesllc.com,1000 Copper Canyon Rd,Argyle,TX,76226,,1000 Copper Canyon Rd,Argyle,TX,76226,
3iPeople,,,,urevathi@3ipeople.com,"5755 North Point Pkwy
Suite 234",Alpharetta,GA,30022,United States,"5755 North Point Pkwy
Suite 234",Alpharetta,GA,30022,United States
440 Riverside Owners Corp  C/O Halstead Mgmt.,(212) 327-9142,,,"APInvoicesNY@avidbill.com,STroche@halstead.com","Account No. 10012
770 Lexington Ave., 7th Floor",New York,NY,10065,United States,"Account No. 10012
770 Lexington Ave., 7th Floor",New York,NY,10065,United States
4Sight Environmental Inc,(325) 201-2565,,,admin@stacktesting.us,13498 CR232,Abilene,TX,79602,,13498 CR232,Abilene,TX,79602,
7 X Powered Inc,(403) 926-3790,,,invoices@7xpowered.com,"225 6th Ave SW
#1100",Calgary,Alberta,T2P 3S9,Canada,"225 6th Ave SW
#1100",Calgary,Alberta,T2P 3S9,Canada
9Wood,(541) 988-9990,,,"receipts@9wood.com,acoury@9wood.com",999 South A Street,Springfield,OR,97477,,999 South A Street,Springfield,OR,97477,
A Clean Franklin,(615) 545-3590,,,paulcq@acleanfranklin.com,2410 Pollen Way,Columbia,TN,38401,,2410 Pollen Way,Columbia,TN,38401,
